Clusters,Time (sec),Homogeneity Score,Completeness Score,V-Measure Score,Adjusted Rand Score,Adjusted Mutual Information Score,Silhouette Score,Accuracy Score
2,6.451090335845947,0.002534155567811266,0.0031661750540107046,0.0028151279896188983,0.03395882153165856,0.0027963249001107045,0.6390882601217382,0.2172769925773136
