Clusters,Time (sec),Iterations,Silhouette Score,Sum of Squared Distances,Variance Ratio Criterion,Davies-Bouldin Index
2,0.07399940490722656,1,0.6004441574532172,2359121.293666357,142170.87417302918,0.7476800731205924
3,0.08305215835571289,1,0.4334848457166011,1867046.1491714427,111058.00413499029,1.0017600484895108
4,0.24590682983398438,1,0.4114090485709026,1639114.8186972146,91721.07862757321,1.071428248948197
5,0.2514991760253906,1,0.1265100907591859,1552208.8731488555,74893.56262748393,1.9395842980184805
6,0.44395017623901367,1,0.12569125523616773,1448944.9436421506,66481.06002407389,1.7776030543359065
7,0.39971160888671875,1,0.12678200897610792,1381296.8994380347,59370.07646523667,1.8017204158748739
8,0.44768643379211426,1,0.1242273158052035,1330976.8521205783,53684.73664958027,1.7789507722299618
9,0.4466094970703125,1,0.10800197376202758,1302125.387006753,48487.71961551635,1.995208276259576
