{
    "accuracy": 0.8668899858956276,
    "f1_score": 0.8667529081169819,
    "mse": 0.13311001410437234,
    "classification_report": {
        "0": {
            "precision": 0.810477657935285,
            "recall": 0.8034623217922607,
            "f1-score": 0.8069547430324725,
            "support": 1964.0
        },
        "1": {
            "precision": 0.8963758389261745,
            "recall": 0.9004854368932039,
            "f1-score": 0.8984259383828871,
            "support": 3708.0
        },
        "accuracy": 0.8668899858956276,
        "macro avg": {
            "precision": 0.8534267484307297,
            "recall": 0.8519738793427323,
            "f1-score": 0.8526903407076798,
            "support": 5672.0
        },
        "weighted avg": {
            "precision": 0.8666325336606409,
            "recall": 0.8668899858956276,
            "f1-score": 0.8667529081169819,
            "support": 5672.0
        }
    },
    "loss_curve": [
        0.46561569388156254,
        0.36559319925023004,
        0.3453325877068711,
        0.33533086775962695,
        0.32838221345577306,
        0.3259159186081164,
        0.3222470599405189,
        0.3178949156244091,
        0.31714870851774546,
        0.3127556063892968,
        0.31215323729301353,
        0.31073929049414284,
        0.310068716264879,
        0.305687620250415,
        0.30491394514108633,
        0.30602569472255653,
        0.3027416581360053,
        0.302492686975914,
        0.3007264938286588,
        0.299098028048715,
        0.2983030106613072,
        0.29779331781746304,
        0.2944424142570882,
        0.2977169888839678,
        0.2962875519582634,
        0.2953009503538511,
        0.2931428415700294,
        0.2922294823846005,
        0.2916301345804699,
        0.29021066237039467,
        0.29033284209849464,
        0.288017714571463,
        0.28794519342404706,
        0.28668479222771953,
        0.288468407489849,
        0.289454227833948,
        0.2871270100944123,
        0.2868710289159452,
        0.2872296450501592,
        0.286551614763899,
        0.28288944659709664,
        0.2828599035982183,
        0.2835068393061348,
        0.2810497776783948,
        0.2873141456543545,
        0.2868050739867477,
        0.2815627145112922,
        0.2848214760104938,
        0.2839155133829968,
        0.2802896594505203,
        0.28024613125092435,
        0.28023751715893724,
        0.28106780118516445,
        0.279592495982538,
        0.2815398374224151,
        0.28126622947238084,
        0.2792950472709957,
        0.27725395190800517,
        0.27863096079230026,
        0.2799258735842687,
        0.28093725522410296,
        0.27627111693022344,
        0.27846702441358695,
        0.2786949530091465,
        0.27799645015124824,
        0.2774442663976961,
        0.2767156561916773,
        0.27673348438116857,
        0.2749993013460801,
        0.2781551491772201,
        0.27792187932922435,
        0.2766827181880037,
        0.2758584982191439,
        0.2753589328075173,
        0.2783585010620459,
        0.2785338383324456,
        0.2741090422848509,
        0.27805624087028463,
        0.2742886484662222,
        0.2743683892067656,
        0.27561793996820466,
        0.27366540007539547,
        0.2736156531512783,
        0.27352432333025767,
        0.27796554208596636,
        0.2756160148564642,
        0.27354643782379906,
        0.2769557512416841,
        0.27163629195218936,
        0.27206412591431833,
        0.2745626287583155,
        0.27259648116230184,
        0.27405610014852466,
        0.2734056512167325,
        0.2767932504849719,
        0.2748715926977456,
        0.27485138171811735,
        0.27463614583436924,
        0.2729667155122905,
        0.27309518903946667
    ]
}