{
    "PCA": {
        "accuracy": 0.7854372355430184,
        "f1_score": 0.7703571306745562,
        "mse": 0.21456276445698166,
        "classification_report": {
            "0": {
                "precision": 0.80440097799511,
                "recall": 0.5025458248472505,
                "f1-score": 0.618614854277656,
                "support": 1964.0
            },
            "1": {
                "precision": 0.7802024746906636,
                "recall": 0.9352750809061489,
                "f1-score": 0.8507297927143382,
                "support": 3708.0
            },
            "accuracy": 0.7854372355430184,
            "macro avg": {
                "precision": 0.7923017263428869,
                "recall": 0.7189104528766996,
                "f1-score": 0.7346723234959971,
                "support": 5672.0
            },
            "weighted avg": {
                "precision": 0.7885815051014416,
                "recall": 0.7854372355430184,
                "f1-score": 0.7703571306745562,
                "support": 5672.0
            }
        },
        "loss_curve": [
            0.8440783753423964,
            0.6097219205251685,
            0.5569206899189929,
            0.540270599759704,
            0.5298942148583827,
            0.522594800829893,
            0.5168424693914104,
            0.5119181641334322,
            0.5077630313006765,
            0.5043771008863092,
            0.5016637278159037,
            0.4992132818742374,
            0.4973808503487889,
            0.49586043839259214,
            0.49438497234795475,
            0.49324061529265334,
            0.49225613045550265,
            0.4912196940200929,
            0.4905253663088463,
            0.48951970466088307,
            0.4887391824983861,
            0.4879440521261243,
            0.48725259649771147,
            0.48638539636909023,
            0.48570766560015044,
            0.4849220275649163,
            0.48442798983219537,
            0.4836281845717786,
            0.4828905744467237,
            0.48221172655583994,
            0.48155177888970796,
            0.481279162060756,
            0.4805138391740366,
            0.47968755920262995,
            0.47926489748297857,
            0.47856241566862306,
            0.4781513078404608,
            0.4775153326970582,
            0.4774610179038828,
            0.4767743023437848,
            0.47609908695646236,
            0.475682123689358,
            0.47532101520522896,
            0.4748111331955142,
            0.47447087874007265,
            0.4740085149809652,
            0.4735231708182268,
            0.4731685167654859,
            0.4726102259132011,
            0.4724044300139119,
            0.47203814942406075,
            0.47167042582204577,
            0.47132361079714935,
            0.4708222964020861,
            0.47074353860269563,
            0.4705306810082665,
            0.4698575329957453,
            0.4694294648842037,
            0.46934103968795715,
            0.46901850741258905,
            0.46853297453399223,
            0.4683158056313771,
            0.4678528441553125,
            0.46803627306094725,
            0.4673301151723558,
            0.4673672556168728,
            0.4670816679701299,
            0.46736855421570583,
            0.46651107224274696,
            0.46642211566161224,
            0.46622362380983845,
            0.4659575259524633,
            0.4656257296532989,
            0.46557351384785944,
            0.4656782000196378,
            0.46516716662983804,
            0.4650391228895527,
            0.4652382098139289,
            0.4647554572712966,
            0.46464982269288485,
            0.4643094346818143,
            0.4643312450756188,
            0.4641735645544846,
            0.4640046827658693,
            0.46381968884015445,
            0.4636287369648305,
            0.46361038875621025,
            0.4637242578838261,
            0.46318487653947216,
            0.46317719045066497,
            0.46317447764028685,
            0.463063813438248,
            0.4630595948351656,
            0.4631965114335765,
            0.4625999894716268,
            0.4629146588033986,
            0.46275478766086925,
            0.4624356812429578,
            0.46257123002331224,
            0.46219726504635034,
            0.46220444700416086,
            0.4621367048794743,
            0.4620959952360352,
            0.4622542590886233,
            0.4622476915943111,
            0.4616651432299014,
            0.46179600869670334,
            0.4617025253455255,
            0.4618052939304933,
            0.46169381804319093,
            0.46155228108622953,
            0.46149039337509673,
            0.4616634248417499,
            0.4613408213482279,
            0.46118682496219277,
            0.46132477647529085,
            0.4612594417841431,
            0.46099035164511326,
            0.4610854414384377,
            0.4611440650673542,
            0.4611630747542702,
            0.4606260618708447,
            0.4611087077367731,
            0.46099680897143963,
            0.4606834623504266,
            0.460602357896627,
            0.46071652724303147,
            0.4604574842841936,
            0.46064701659583257,
            0.4603658436661693,
            0.4605597798129758,
            0.4602750924025705,
            0.46037518534385946,
            0.46061494476143716,
            0.4603670031241071,
            0.4602646206586968,
            0.4601491088490104,
            0.4600594604997966,
            0.46013938810625743,
            0.4600631324247312,
            0.459948038457472,
            0.46015241365280274,
            0.459722186606181,
            0.4600416674944558,
            0.46020860842228517,
            0.4599166158605153,
            0.4597286997681257,
            0.45965724776137445,
            0.4600987628256112,
            0.4599965951496434,
            0.45959606924258717,
            0.4596833363045079,
            0.4596438893516561,
            0.45974635358702043
        ]
    },
    "ICA": {
        "accuracy": 0.7477080394922426,
        "f1_score": 0.7091907601297421,
        "mse": 0.25229196050775743,
        "classification_report": {
            "0": {
                "precision": 0.8539176626826029,
                "recall": 0.3273930753564155,
                "f1-score": 0.4733161575266838,
                "support": 1964.0
            },
            "1": {
                "precision": 0.7314494816019517,
                "recall": 0.9703344120819849,
                "f1-score": 0.8341254201924192,
                "support": 3708.0
            },
            "accuracy": 0.7477080394922426,
            "macro avg": {
                "precision": 0.7926835721422774,
                "recall": 0.6488637437192002,
                "f1-score": 0.6537207888595515,
                "support": 5672.0
            },
            "weighted avg": {
                "precision": 0.7738556007208514,
                "recall": 0.7477080394922426,
                "f1-score": 0.7091907601297421,
                "support": 5672.0
            }
        },