{
    "PCA": {
        "accuracy": 0.781558533145275,
        "f1_score": 0.7660256057078313,
        "mse": 0.21844146685472496,
        "classification_report": {
            "0": {
                "precision": 0.7968877968877969,
                "recall": 0.4954175152749491,
                "f1-score": 0.610989010989011,
                "support": 1964.0
            },
            "1": {
                "precision": 0.777353403729499,
                "recall": 0.9331175836030206,
                "f1-score": 0.8481431547983822,
                "support": 3708.0
            },
            "accuracy": 0.781558533145275,
            "macro avg": {
                "precision": 0.7871206003086479,
                "recall": 0.7142675494389849,
                "f1-score": 0.7295660828936966,
                "support": 5672.0
            },
            "weighted avg": {
                "precision": 0.7841174284408702,
                "recall": 0.781558533145275,
                "f1-score": 0.7660256057078313,
                "support": 5672.0
            }
        },
        "loss_curve": [
            0.5090312053718719,
            0.4817766931421174,
            0.4798918085713633,
            0.47711332253594535,
            0.47502620639563764,
            0.47352220277072127,
            0.47170643407296475,
            0.47102321266200753,
            0.47300557342681576,
            0.46884056577170874,
            0.4682878424819387,
            0.4683996081560283,
            0.46568698043286944,
            0.4672805740733049,
            0.4645777797795676,
            0.46465096035465653,
            0.46399649558785994,
            0.4633198097958202,
            0.4619025460945129,
            0.463643512592322,
            0.46177714527996494,
            0.46186590475391465,
            0.4611014908950273,
            0.4608275460131924,
            0.4596688549331585,
            0.4598461013389149,
            0.46061152568726815,
            0.45919163525233286,
            0.460162511785994,
            0.4594602516821493,
            0.45815555242763184,
            0.46010033834732356,
            0.45833019168474315,
            0.4581733971077258,
            0.4601892848793364,
            0.45867979840597944,
            0.45653348935376964,
            0.4594675394206683,
            0.45919359788075426,
            0.4570279898189004,
            0.4600727351932143,
            0.4564870544672793,
            0.458051617473899,
            0.45820032397997085,
            0.45665810587227124,
            0.45599831810422214,
            0.4557941337217733,
            0.45673770803413083,
            0.4563435796781961,
            0.4583116329079484,
            0.45692826644527756,
            0.45611330326006194,
            0.45549874976651483,
            0.45606508264110507,
            0.45368075707374933,
            0.45456163391426047,
            0.45604655618595735,
            0.45610966318927243,
            0.45551073111346924,
            0.45575493578804493,
            0.4544881232487474,
            0.4557600572891249,
            0.45341030865980014,
            0.45499579073919943,
            0.45485560892371585,
            0.45433286360140657,
            0.45390508850220895,
            0.45336299506354066,
            0.45465122678972364,
            0.45390220341643484,
            0.45371770183147053,
            0.453425369849617,
            0.45489724960115696,
            0.4527247918135403,
            0.4522197660910303,
            0.4540341206107311,
            0.4533782625772041,
            0.45387955925827056,
            0.4538310875585628,
            0.45321555506295297,
            0.45190978191831943,
            0.45152763321175765,
            0.4533869265277775,
            0.451382550752048,
            0.4512596337372623,
            0.4528537958339757,
            0.4519357223543357,
            0.4522354867574709,
            0.453039092144966,
            0.45199942423061995,
            0.45239861703551537,
            0.44990931158677233,
            0.4516412878757024,
            0.4509310334358997,
            0.4497999715793289,
            0.45066110898272177,
            0.4543162884979235,
            0.4506579048062031,
            0.44965858843269024,
            0.4521242223182167,
            0.4522912210275996,
            0.45058748251368147,
            0.45063673217551664,
            0.45162007158847567,
            0.4502510406596111,
            0.45082316386894367,
            0.45032884963346415,
            0.44993986068658504,
            0.44905483462664175,
            0.45048348988377573,
            0.4502593235797572,
            0.45076087844052265,
            0.45081057244462663,
            0.4506168767162716,
            0.45051600573778794,
            0.4506446831249413,
            0.44947700193752205,
            0.45093804424674594,
            0.44897300504460314,
            0.4496949082524856
        ]
    },
    "ICA": {
        "accuracy": 0.7503526093088858,
        "f1_score": 0.7167450781912293,
        "mse": 0.24964739069111425,
        "classification_report": {
            "0": {
                "precision": 0.8261904761904761,
                "recall": 0.3533604887983707,
                "f1-score": 0.4950071326676177,
                "support": 1964.0
            },
            "1": {
                "precision": 0.7371688741721855,
                "recall": 0.9606256742179072,
                "f1-score": 0.834192037470726,
                "support": 3708.0
            },
            "accuracy": 0.7503526093088858,
            "macro avg": {
                "precision": 0.7816796751813309,
                "recall": 0.656993081508139,
                "f1-score": 0.6645995850691718,
                "support": 5672.0
            },
            "weighted avg": {
                "precision": 0.7679937025156133,
                "recall": 0.7503526093088858,
                "f1-score": 0.7167450781912293,
                "support": 5672.0
            }
        },