{
    "accuracy": 0.8779971791255289,
    "f1_score": 0.8753881310520665,
    "mse": 0.12200282087447109,
    "classification_report": {
        "0": {
            "precision": 0.8808383233532934,
            "recall": 0.7489816700610998,
            "f1-score": 0.8095762245459549,
            "support": 1964.0
        },
        "1": {
            "precision": 0.8768115942028986,
            "recall": 0.9463322545846817,
            "f1-score": 0.9102464332036316,
            "support": 3708.0
        },
        "accuracy": 0.8779971791255289,
        "macro avg": {
            "precision": 0.878824958778096,
            "recall": 0.8476569623228908,
            "f1-score": 0.8599113288747933,
            "support": 5672.0
        },
        "weighted avg": {
            "precision": 0.8782058988663991,
            "recall": 0.8779971791255289,
            "f1-score": 0.8753881310520665,
            "support": 5672.0
        }
    },
    "loss_curve": [
        0.46839418067394517,
        0.3624836542085212,
        0.33926967970400373,
        0.33128614650541105,
        0.326515447523123,
        0.3225923147368222,
        0.3209101855660699,
        0.31780968860365827,
        0.31733839629994764,
        0.31627915587222677,
        0.31324903754260847,
        0.3125335370396091,
        0.31341633500400634,
        0.3095803754534494,
        0.30797691542669814,
        0.3056254699976535,
        0.30489898052368747,
        0.3032647820261916,
        0.3022898754469244,
        0.3019417935942239,
        0.30304670995352845,
        0.3019548716460869,
        0.30011326419103235,
        0.30014175029251194,
        0.29720527828445864,
        0.29712909027740153,
        0.2945001205971523,
        0.2939188384490053,
        0.29480896547622537,
        0.2927135710626158,
        0.2937056637207507,
        0.29040163873211233,
        0.2908172332538704,
        0.29110761101503,
        0.29084456748465226,
        0.28687164602514825,
        0.28712851723524585,
        0.29022962312432965,
        0.2879944053290308,
        0.28814050980453754,
        0.28552654376042225,
        0.28585669910450334,
        0.2878340820186087,
        0.2913217207987239,
        0.28356117715026585,
        0.2838112104136142,
        0.287808785574327,
        0.2859447544084445,
        0.2822593447689932,
        0.28603737701983156,
        0.28254239188322994,
        0.28194237747694584,
        0.2799310463668277,
        0.28283352375752263,
        0.27951818651837507,
        0.27978530028532556,
        0.2802517353103989,
        0.2781147147261718,
        0.27948221284155395,
        0.28141009348452123,
        0.27710799483579723,
        0.27832052063795565,
        0.2783951127424843,
        0.27919000294919477,
        0.2786726830314366,
        0.2754721597773552,
        0.27703432154640234,
        0.2822534689967002,
        0.27449527772634835,
        0.27760964559789947,
        0.27787146332598994,
        0.2751068911621492,
        0.273347468350455,
        0.274415369352447,
        0.272368841270096,
        0.27440756595756066,
        0.27684710994520045,
        0.2748719988007239,
        0.2750486960529569,
        0.27420809741767554,
        0.2732513120756848,
        0.27272937325093854,
        0.2708359812420652,
        0.2739672756528369,
        0.27322506490082193,
        0.2722848804305016,
        0.2727789085343329,
        0.2725785863720767,
        0.2709300389496431,
        0.27362220085474653,
        0.27327592337467393,
        0.27181774958476956,
        0.27132470572910183,
        0.27160321713537117
    ]
}