{
    "accuracy": 0.8832863187588152,
    "f1_score": 0.8821432791110256,
    "mse": 0.11671368124118477,
    "classification_report": {
        "0": {
            "precision": 0.8584801762114538,
            "recall": 0.7937881873727087,
            "f1-score": 0.8248677248677249,
            "support": 1964.0
        },
        "1": {
            "precision": 0.8949688796680498,
            "recall": 0.9306903991370011,
            "f1-score": 0.9124801692226335,
            "support": 3708.0
        },
        "accuracy": 0.8832863187588152,
        "macro avg": {
            "precision": 0.8767245279397518,
            "recall": 0.8622392932548549,
            "f1-score": 0.8686739470451792,
            "support": 5672.0
        },
        "weighted avg": {
            "precision": 0.8823342157772257,
            "recall": 0.8832863187588152,
            "f1-score": 0.8821432791110256,
            "support": 5672.0
        }
    },
    "loss_curve": [
        0.4650054545759598,
        0.3636880287611759,
        0.34010959017794473,
        0.3323844177047711,
        0.3294207696383928,
        0.32485728831962846,
        0.32164957419635765,
        0.31802807548793655,
        0.3173453419462627,
        0.31509645261228536,
        0.3111522301451018,
        0.31028414839567825,
        0.3120895443555037,
        0.307617764498941,
        0.30447980083663106,
        0.3030130825039142,
        0.3016813014148125,
        0.30097855020862996,
        0.3003711139052554,
        0.30090059614501863,
        0.3015942981322347,
        0.3010044560769003,
        0.30004517297024597,
        0.29880312589542196,
        0.2974497349927976,
        0.2977584960737311,
        0.2946708228539693,
        0.2949533495819718,
        0.29448516128431795,
        0.2929673911847836,
        0.2932124527142812,
        0.28963215316310736,
        0.29087467408038725,
        0.29217875285559824,
        0.2917035554323446,
        0.2876715070587955,
        0.28783239577801417,
        0.2885719211818226,
        0.2872349326015513,
        0.28832215669861183,
        0.28694746145689914,
        0.28663619835810117,
        0.2876122092998285,
        0.2870176699454898,
        0.2840500983590205,
        0.2838119361073966,
        0.28806752437414906,
        0.28659107098364167,
        0.2824857752632551,
        0.2859139385260282,
        0.2810365164998638,
        0.28200358147970284,
        0.2803795455424819,
        0.28317136857978015,
        0.2795833827627085,
        0.2810589667138302,
        0.28038918761282056,
        0.27880053150894774,
        0.2804173706193378,
        0.27923498314628703,
        0.27670255233974506,
        0.2787747204258899,
        0.2789006525835546,
        0.2804574725722667,
        0.27913474111907816,
        0.276801997286349,
        0.2774232799821971,
        0.28034064130763,
        0.27606502454842397,
        0.2774143614819,
        0.27651696524806385,
        0.27512713874774125,
        0.2758035982936721,
        0.2766419856272909,
        0.2739743147127349,
        0.2770278788518161,
        0.27844593677789564,
        0.27467595821183083,
        0.27335145479926365,
        0.27490984466197277,
        0.2738477344360377,
        0.2750323668385293,
        0.2724722507902166,
        0.27308185329400436,
        0.2715649722591296,
        0.27396384909968313,
        0.2728701506652054,
        0.27289372175352417,
        0.27065752947537003,
        0.27332775503071793,
        0.27637451184986656,
        0.27293778288657583,
        0.2707928560523642,
        0.2708341916866039,
        0.27186033492596556,
        0.2738074558318748,
        0.27036850972914006,
        0.27148551417385614,
        0.2719623886603616,
        0.26982358955403274,
        0.271600589116097,
        0.27372197898769696,
        0.2696393190974816,
        0.2721519735530135,
        0.2708774746688414,
        0.27261668004998857,
        0.2720391296365019,
        0.2709343414188867,
        0.26937366444074023,
        0.2702267746188636,
        0.27101691651084797,
        0.270605928419493,
        0.27015646371696983,
        0.26838831136986185,
        0.26783700366136526,
        0.27038078816311767,
        0.26907700589064115,
        0.27080869893496345,
        0.2695561895539464,
        0.2687198710628268,
        0.2671592081987585,
        0.2656108266625846,
        0.2648006269034915,
        0.2672392428792982,
        0.26474123577685094,
        0.26632502715290374,
        0.2682681621497235,
        0.26803747063972794,
        0.263331517630853,
        0.267023425460679,
        0.2676155053696189,
        0.2651089657247543,
        0.2691215141927914,
        0.2684550370681418,
        0.2651360642317617,
        0.26542263851531267,
        0.2664267223030468,
        0.26345961584475036,
        0.26367060203791814,
        0.2644260157822256
    ]
}